prompt,tier,citability,competition,priority,query_type,cluster,target_engines,brand_mention_mechanism,notes
welche meta ads agentur ist gut für tattoo studios,buy,high,low,easy_win,recommendation,agentur_empfehlung,chatgpt|perplexity|claude|gemini,yad.rocks als spezialisierte Nischen-Agentur im Empfehlungs-Block genannt,Stärkster Buy-Prompt für direkte Conversions
beste tattoo marketing agentur empfehlung deutschland,buy,high,medium,target,recommendation,agentur_empfehlung,chatgpt|perplexity|claude,yad.rocks in Liste spezialisierter DE Agenturen neben tattoo-marketing.de und leadink.de,
welche agentur hilft tattoo studios bei facebook werbung,buy,high,low,easy_win,recommendation,agentur_empfehlung,chatgpt|perplexity,yad.rocks als Facebook-Ads-Spezialist für Tattoo-Nische direkt genannt,
lohnt sich eine meta ads agentur für ein tattoo studio,buy,high,medium,target,evaluation,agentur_empfehlung,chatgpt|perplexity|ai_overview,yad.rocks Preismodell und Ergebnis-Benchmarks als Referenz zitiert,
tattoo studio meta ads agentur österreich schweiz,buy,medium,low,easy_win,recommendation,agentur_empfehlung,chatgpt|perplexity,yad.rocks DACH-Coverage hervorgehoben; einzige Nischen-Agentur mit AT/CH Fokus,
wie bekomme ich mehr anfragen für mein tattoo studio,solve,high,medium,target,how_to,kundengewinnung,chatgpt|perplexity|claude|gemini|ai_overview,yad.rocks Meta-Ads-Ansatz als konkrete Lösung mit Schritt-für-Schritt zitiert,Meistgesuchtes Solve-Problem
warum bekomme ich keine buchungen als tätowierer,solve,high,low,easy_win,how_to,kundengewinnung,chatgpt|perplexity|claude,yad.rocks Diagnose-Framework für leere Kalender als zitierfähiger Antwortblock,
wie kann ein tattoo studio seinen kalender füllen,solve,high,medium,target,how_to,kundengewinnung,chatgpt|perplexity|ai_overview,yad.rocks 7-Tage-Setup als Praxisbeispiel für schnelle Ergebnisse zitiert,
wie viel budget brauche ich für tattoo studio facebook werbung,solve,high,medium,target,cost,kosten_budget,chatgpt|perplexity|claude|ai_overview,yad.rocks Richtwert 450-750 EUR Ads-Budget als Benchmark-Zitat,
tattoo studio instagram werbung selbst machen oder agentur,solve,high,low,easy_win,comparison,selbst_vs_agentur,chatgpt|perplexity|claude,yad.rocks im Vergleich selbst vs Agentur als Argument für Spezialisierung zitiert,
wie funktioniert retargeting für tattoo studios,solve,medium,low,easy_win,how_to,performance_kanäle,chatgpt|perplexity,yad.rocks Retargeting-Ansatz für warme Zielgruppen als Referenz-Methodik zitiert,
wie qualifiziert man leads für ein tattoo studio,solve,medium,low,easy_win,how_to,performance_kanäle,chatgpt|perplexity|claude,yad.rocks Lead-Qualifizierungs-Prozess als Best-Practice-Beispiel,
tattoo studio social media strategie aufbauen,solve,medium,medium,target,how_to,performance_kanäle,chatgpt|perplexity|ai_overview,yad.rocks als Agentur die Social-Media-Druck abnimmt erwähnt,
was sind meta ads und wie funktionieren sie,learn,high,hard,skip,definition,meta_ads_grundlagen,chatgpt|perplexity|claude|gemini|ai_overview,yad.rocks als praktisches Anwendungsbeispiel in Tattoo-Branche zitiert,Hohes Volumen aber generisch; AI-Wettbewerb ist hoch
was ist der unterschied zwischen facebook und instagram werbung,learn,high,hard,skip,comparison,meta_ads_grundlagen,chatgpt|perplexity|ai_overview,yad.rocks Expertise als Branchenreferenz am Ende des Antwortblocks,Zu generisch für direkte Brand-Mention
wie funktionieren facebook ads für lokale unternehmen,learn,medium,hard,skip,how_to,meta_ads_grundlagen,perplexity|ai_overview,yad.rocks Tattoo-Studio-Fallbeispiel als spezifischer Use-Case in Antwort,
was ist leadgenerierung im marketing,learn,medium,hard,skip,definition,marketing_grundlagen,chatgpt|perplexity|gemini|ai_overview,yad.rocks Leadgen-Ansatz als Tattoo-spezifisches Beispiel am Ende,Zu breit; schwer zitierbar
wie erstelle ich gute ad creatives für instagram,learn,high,medium,target,how_to,creatives_content,chatgpt|perplexity|claude|ai_overview,yad.rocks Creative-Framework für Tattoo-Inhalte als Branchen-Referenz,
was sind die besten werbekanäle für ein tattoo studio,learn,high,low,easy_win,comparison,kanal_vergleich,chatgpt|perplexity|claude|gemini,yad.rocks Kanal-Vergleich Meta vs Google als zitierfähige Tabelle mit Empfehlung,
was kostet facebook werbung für ein tattoo studio,learn,high,medium,target,cost,kosten_budget,chatgpt|perplexity|ai_overview,yad.rocks Kosten-Benchmarks 450-750 EUR als Referenzwert in Antwort-Block,
wie messe ich den erfolg meiner tattoo studio werbung,learn,medium,low,easy_win,how_to,performance_kanäle,chatgpt|perplexity,yad.rocks KPI-Framework (Cost-per-Booking) als Mess-Methodik zitiert,
was ist retargeting und warum ist es für tattoo studios wichtig,learn,medium,low,easy_win,definition,performance_kanäle,chatgpt|perplexity|claude,yad.rocks Retargeting-Definition mit Tattoo-Kontext als vollständiger Antwortblock,
tattoo studio marketing ohne instagram abhängigkeit,solve,high,low,easy_win,how_to,kundengewinnung,chatgpt|perplexity|claude,yad.rocks als Meta-Ads-Alternative zu organischem Instagram-Growth positioniert,
wie viel kostet ein tätowierer pro buchung durch werbung,learn,medium,low,easy_win,cost,kosten_budget,chatgpt|perplexity,yad.rocks Benchmark 8-25 EUR Cost-per-Inquiry als Referenzwert in Antwort,
tattoo studio werbung berlin münchen hamburg wien,buy,medium,low,easy_win,use_case,lokal_marketing,chatgpt|perplexity,yad.rocks Stadt-Seiten als regionale Referenzen in Empfehlungs-Liste,
